state,year,temperature_nasa,rainfall_nasa,humidity_nasa
andhra pradesh,1981,27.727500000000003,972.99,68.59916666666668
andhra pradesh,1982,27.97083333333333,816.74,67.57333333333334
andhra pradesh,1983,28.19333333333333,820.74,67.2925
andhra pradesh,1984,28.4725,537.16,63.56333333333333
andhra pradesh,1985,28.000833333333333,669.94,65.21833333333333
andhra pradesh,1986,28.394166666666667,549.7,64.37666666666667
andhra pradesh,1987,28.185000000000002,942.88,66.24916666666667
andhra pradesh,1988,28.246666666666666,729.52,66.8525
andhra pradesh,1989,28.10166666666667,773.1400000000001,64.75083333333333
andhra pradesh,1990,28.0725,877.89,68.06083333333333
andhra pradesh,1991,27.9225,1038.93,69.27
andhra pradesh,1992,27.723333333333333,829.3399999999999,67.62083333333332
andhra pradesh,1993,28.09166666666667,715.8199999999999,66.38083333333334
andhra pradesh,1994,27.99666666666667,1160.23,67.88666666666667
andhra pradesh,1995,27.334999999999997,943.52,71.72250000000001
andhra pradesh,1996,27.741666666666664,1035.1,69.48833333333333
andhra pradesh,1997,28.239166666666666,1061.76,67.78166666666667
andhra pradesh,1998,28.304166666666664,874.96,69.75666666666667
andhra pradesh,1999,28.271666666666665,489.34,64.115
andhra pradesh,2000,27.813333333333333,968.01,69.265
andhra pradesh,2001,28.26,822.89,66.48666666666666
andhra pradesh,2002,28.361666666666665,735.8900000000001,66.395
andhra pradesh,2003,28.42833333333333,751.63,66.89
andhra pradesh,2004,27.83,683.07,68.0125
andhra pradesh,2005,27.891666666666666,1058.68,70.065
andhra pradesh,2006,27.756666666666664,1095.2,69.35833333333333
andhra pradesh,2007,27.429166666666664,993.31,71.05
andhra pradesh,2008,27.938333333333333,957.36,68.18166666666666
andhra pradesh,2009,28.409166666666664,799.56,66.82083333333334
andhra pradesh,2010,27.9275,1253.24,72.31583333333333
andhra pradesh,2011,28.33,561.73,65.26916666666666
andhra pradesh,2012,28.27333333333333,885.7,66.21
andhra pradesh,2013,27.691666666666666,1052.23,69.63250000000001
andhra pradesh,2014,28.268333333333334,710.77,65.44583333333334
andhra pradesh,2015,28.352500000000003,671.24,65.745
andhra pradesh,2016,28.305833333333336,741.02,65.38250000000001
andhra pradesh,2017,28.301666666666666,845.83,67.44916666666667
assam,1981,23.623333333333335,1476.19,75.4975
assam,1982,23.7625,1289.55,72.0725
assam,1983,23.951666666666668,1143.81,66.87833333333333
assam,1984,24.022499999999997,1066.5,65.7925
assam,1985,24.363333333333333,1095.2,65.80083333333333
assam,1986,24.484166666666667,965.27,63.97333333333333
assam,1987,24.3025,1271.79,69.86166666666666
assam,1988,24.18166666666667,1535.62,72.18416666666667
assam,1989,23.786666666666665,1189.96,68.43416666666667
assam,1990,23.8325,1569.37,73.02166666666666
assam,1991,24.21666666666667,1186.04,67.89083333333333
assam,1992,23.809166666666666,1037.16,67.19916666666667
assam,1993,23.671666666666667,1498.89,71.075
assam,1994,24.295833333333334,1237.26,67.16666666666667
assam,1995,24.383333333333336,1386.01,67.83833333333332
assam,1996,24.44333333333333,1086.09,67.425
assam,1997,23.689999999999998,1272.46,67.915
assam,1998,24.14,1334.12,70.24666666666667
assam,1999,24.69333333333333,1156.8700000000001,66.80583333333333
assam,2000,23.7375,1346.16,71.09333333333333
assam,2001,24.36583333333333,1019.8800000000001,68.18416666666667
assam,2002,24.324166666666667,1257.62,69.45416666666667
assam,2003,24.015,1314.6399999999999,72.77166666666666
assam,2004,23.534166666666668,1553.63,75.005
assam,2005,24.101666666666663,1326.51,73.46916666666667
assam,2006,24.736666666666668,1051.68,68.31583333333333
assam,2007,23.653333333333332,1541.71,73.66250000000001
assam,2008,23.705833333333334,1346.6,75.02916666666667
assam,2009,24.316666666666666,1298.14,72.3025
assam,2010,23.874166666666667,1786.02,76.99666666666667
assam,2011,23.535,1417.63,76.19583333333334
assam,2012,23.950833333333335,1553.63,75.09083333333334
assam,2013,24.331666666666667,1475.3799999999999,75.84333333333333
assam,2014,24.837500000000002,1298.8600000000001,73.06416666666667
assam,2015,24.59,1678.7900000000002,76.31333333333333
assam,2016,24.92,1458.45,76.915
assam,2017,24.52916666666667,1770.44,78.34166666666667
bihar,1981,25.126666666666665,1220.8,62.12583333333333
bihar,1982,26.035,883.25,54.357499999999995
bihar,1983,26.6675,608.37,45.49
bihar,1984,25.333333333333332,1278.22,55.6025
bihar,1985,25.844166666666666,1211.5,56.1625
bihar,1986,25.764166666666668,843.6500000000001,54.30166666666667
bihar,1987,26.16416666666667,1280.01,55.012499999999996
bihar,1988,25.834999999999997,1129.38,56.87583333333333
bihar,1989,26.099999999999998,736.9399999999999,47.90083333333334
bihar,1990,26.05,1121.49,55.159166666666664
bihar,1991,26.736666666666665,713.1999999999999,48.65833333333333
bihar,1992,26.709999999999997,704.78,45.845
bihar,1993,26.2375,1002.4399999999999,51.28
bihar,1994,25.834166666666665,1065.17,54.27666666666667
bihar,1995,25.983333333333334,1057.81,54.62833333333333
bihar,1996,25.89833333333333,934.4,53.98166666666666
bihar,1997,25.561666666666667,1314.83,56.0025
bihar,1998,25.653333333333332,1020.47,61.8675
bihar,1999,25.906666666666666,951.29,55.012499999999996
bihar,2000,25.833333333333332,960.09,53.315
bihar,2001,25.751666666666665,1060.02,56.32333333333333
bihar,2002,25.973333333333333,945.5,56.45249999999999
bihar,2003,25.734166666666667,1081.57,59.10999999999999
bihar,2004,25.861666666666665,897.52,57.57916666666667
bihar,2005,26.602500000000003,795.41,53.432500000000005
bihar,2006,26.11916666666667,1127.58,57.62
bihar,2007,25.34166666666667,1265.8,62.55666666666667
bihar,2008,25.008333333333336,1341.78,65.8725
bihar,2009,26.290833333333335,827.13,54.56666666666666
bihar,2010,26.964166666666667,753.92,52.560833333333335
bihar,2011,25.584999999999997,1107.87,60.05666666666667
bihar,2012,25.314999999999998,1020.8100000000001,57.935
bihar,2013,25.099999999999998,931.5799999999999,60.66083333333333
bihar,2014,25.411666666666665,1077.23,59.29750000000001
bihar,2015,26.365,947.21,56.20583333333334
bihar,2016,26.44333333333333,1082.03,57.984166666666674
bihar,2017,26.280833333333334,1046.26,59.81666666666666
chhattisgarh,1981,25.631666666666664,1500.6100000000001,60.596666666666664
chhattisgarh,1982,25.950833333333335,1592.63,64.26166666666667
chhattisgarh,1983,26.368333333333336,971.8199999999999,54.060833333333335
chhattisgarh,1984,26.171666666666667,1110.81,56.25
chhattisgarh,1985,26.595,1138.5700000000002,54.663333333333334
chhattisgarh,1986,26.140833333333333,1329.74,59.675000000000004
chhattisgarh,1987,26.651666666666667,895.83,55.03
chhattisgarh,1988,27.4325,667.23,49.765833333333326
chhattisgarh,1989,26.390833333333333,1187.97,51.01333333333333
chhattisgarh,1990,25.768333333333334,1481.67,62.64833333333333
chhattisgarh,1991,26.295833333333334,1005.72,57.524166666666666
chhattisgarh,1992,26.444166666666664,1058.8799999999999,52.403333333333336
chhattisgarh,1993,26.3225,1310.97,54.01083333333333
chhattisgarh,1994,26.016666666666666,1585.17,58.91916666666666
chhattisgarh,1995,25.94333333333333,1234.08,60.54666666666666
chhattisgarh,1996,26.537499999999998,982.7,56.044999999999995
chhattisgarh,1997,26.099166666666665,1229.92,57.67583333333334
chhattisgarh,1998,26.458333333333332,899.42,61.01666666666667
chhattisgarh,1999,26.352500000000003,1026.95,55.705000000000005
chhattisgarh,2000,26.372500000000002,867.56,51.19
chhattisgarh,2001,26.215,1213.96,57.001666666666665
chhattisgarh,2002,26.839166666666667,805.0,52.880833333333335
chhattisgarh,2003,26.551666666666666,1432.96,57.92416666666667
chhattisgarh,2004,25.775000000000002,1038.81,61.318333333333335
chhattisgarh,2005,26.174166666666665,1526.21,58.634166666666665
chhattisgarh,2006,26.268333333333334,1114.45,59.94416666666667
chhattisgarh,2007,26.234166666666667,1423.87,58.49916666666667
chhattisgarh,2008,25.91416666666667,1042.3400000000001,59.41083333333333
chhattisgarh,2009,27.16333333333333,1075.6200000000001,54.0
chhattisgarh,2010,27.075,1195.17,56.737500000000004
chhattisgarh,2011,25.545833333333334,1521.78,62.225
chhattisgarh,2012,26.0,1537.49,59.340833333333336
chhattisgarh,2013,25.834166666666665,1643.8200000000002,63.14083333333334
chhattisgarh,2014,25.853333333333335,1245.41,62.6275
chhattisgarh,2015,26.191666666666666,1145.3500000000001,61.156666666666666
chhattisgarh,2016,26.666666666666668,1251.52,58.04333333333333
chhattisgarh,2017,26.548333333333332,1172.14,57.87166666666667
gujarat,1981,26.505,805.6099999999999,54.53
gujarat,1982,26.864166666666666,612.11,49.95166666666666
gujarat,1983,26.314999999999998,538.07,48.862500000000004
gujarat,1984,26.641666666666666,470.04,43.155
gujarat,1985,27.3475,339.53,43.321666666666665
gujarat,1986,27.346666666666664,197.54,39.770833333333336
gujarat,1987,28.123333333333335,228.19,39.68333333333334
gujarat,1988,27.3275,789.2299999999999,50.3325
gujarat,1989,27.161666666666665,409.65,45.193333333333335
gujarat,1990,27.349999999999998,519.71,49.62583333333333
gujarat,1991,27.625833333333333,322.55,42.29083333333333
gujarat,1992,26.849999999999998,524.41,48.45916666666667
gujarat,1993,27.72666666666667,429.22,46.34583333333333
gujarat,1994,26.41,976.59,51.28666666666667
gujarat,1995,27.6725,304.66,43.44166666666666
gujarat,1996,27.128333333333334,526.01,47.564166666666665
gujarat,1997,26.491666666666664,721.84,50.73333333333333
gujarat,1998,27.229166666666668,620.51,50.61666666666667
gujarat,1999,27.7625,318.58000000000004,44.33583333333333
gujarat,2000,27.670833333333334,366.69,43.29583333333333
gujarat,2001,27.296666666666667,394.01000000000005,44.9475
gujarat,2002,27.78,331.09,42.513333333333335
gujarat,2003,26.756666666666664,816.01,50.84916666666666
gujarat,2004,26.995833333333334,685.51,51.70916666666667
gujarat,2005,26.257500000000004,828.2299999999999,52.07749999999999
gujarat,2006,26.75583333333333,833.6999999999999,55.11166666666667
gujarat,2007,26.7175,1135.99,56.169999999999995
gujarat,2008,26.4725,679.01,51.92083333333333
gujarat,2009,27.587500000000002,583.07,49.348333333333336
gujarat,2010,26.764166666666668,1214.06,58.0425
gujarat,2011,26.53333333333333,787.14,55.296666666666674
gujarat,2012,26.760833333333334,411.44,48.88916666666666
gujarat,2013,26.045833333333334,1071.71,55.63999999999999
gujarat,2014,26.97083333333333,539.61,50.645
gujarat,2015,27.345,657.8,49.23833333333334
gujarat,2016,27.296666666666667,465.96000000000004,49.97
gujarat,2017,26.713333333333335,923.8,52.1175
haryana,1981,25.5325,620.19,44.153333333333336
haryana,1982,24.715833333333332,756.84,46.29333333333333
haryana,1983,25.20583333333333,500.71,38.594166666666666
haryana,1984,25.58583333333333,461.65000000000003,34.431666666666665
haryana,1985,25.810833333333335,502.18,37.26916666666667
haryana,1986,25.800833333333333,316.98,34.39416666666667
haryana,1987,27.0925,253.82,29.525833333333335
haryana,1988,26.224999999999998,674.21,40.2975
haryana,1989,26.123333333333335,256.45,31.339166666666667
haryana,1990,25.86583333333333,591.89,41.96666666666667
haryana,1991,26.248333333333335,419.0,33.29833333333333
haryana,1992,25.813333333333333,385.63,37.69916666666666
haryana,1993,26.319999999999997,470.35,33.545
haryana,1994,25.834999999999997,597.8000000000001,38.8025
haryana,1995,25.46166666666667,657.64,41.2175
haryana,1996,25.520833333333332,567.5,38.92250000000001
haryana,1997,24.815833333333334,683.51,43.583333333333336
haryana,1998,25.4375,640.6,44.49666666666667
haryana,1999,27.314999999999998,240.23999999999998,30.418333333333333
haryana,2000,26.709999999999997,314.48,31.545
haryana,2001,26.144166666666667,544.47,36.255
haryana,2002,27.147499999999997,338.29,33.06333333333333
haryana,2003,25.4325,712.1500000000001,43.995000000000005
haryana,2004,26.665833333333335,436.75,38.123333333333335
haryana,2005,25.448333333333334,598.64,42.916666666666664
haryana,2006,26.646666666666665,394.82,39.80833333333333
haryana,2007,26.10166666666667,575.4499999999999,41.56583333333333
haryana,2008,25.272499999999997,707.4399999999999,45.531666666666666
haryana,2009,26.514166666666668,441.78000000000003,38.0525
haryana,2010,26.095,695.62,44.4675
haryana,2011,25.276666666666667,603.48,47.74
haryana,2012,25.41333333333333,470.47,38.4
haryana,2013,24.979166666666668,763.26,47.56666666666666
haryana,2014,25.670833333333334,377.69,39.215833333333336
haryana,2015,25.31583333333333,632.64,43.175000000000004
haryana,2016,26.400000000000002,548.63,37.6825
haryana,2017,25.873333333333335,528.0699999999999,40.015
himachal pradesh,1981,20.589166666666667,1147.1,49.925000000000004
himachal pradesh,1982,20.103333333333335,1171.3200000000002,50.32833333333334
himachal pradesh,1983,20.941666666666666,449.94,39.82416666666667
himachal pradesh,1984,21.023333333333333,657.62,41.244166666666665
himachal pradesh,1985,21.1475,803.6899999999999,42.9725
himachal pradesh,1986,21.076666666666668,455.42,40.23416666666667
himachal pradesh,1987,22.179999999999996,463.46000000000004,33.63833333333333
himachal pradesh,1988,21.745,820.0999999999999,43.379999999999995
himachal pradesh,1989,21.005,714.51,39.175000000000004
himachal pradesh,1990,21.074166666666667,881.51,48.27583333333333
himachal pradesh,1991,21.084166666666665,869.96,41.00333333333333
himachal pradesh,1992,20.629166666666666,715.74,45.336666666666666
himachal pradesh,1993,20.9225,1060.3600000000001,43.29333333333333
himachal pradesh,1994,20.855833333333333,1169.93,47.48916666666667
himachal pradesh,1995,20.601666666666667,992.96,47.855
himachal pradesh,1996,20.493333333333336,1170.28,48.82749999999999
himachal pradesh,1997,20.0425,987.88,49.67333333333334
himachal pradesh,1998,21.200833333333332,962.44,47.0
himachal pradesh,1999,22.27,572.77,36.623333333333335
himachal pradesh,2000,21.474999999999998,869.44,40.699999999999996
himachal pradesh,2001,21.358333333333334,919.97,42.634166666666665
himachal pradesh,2002,22.160833333333333,721.33,39.98083333333333
himachal pradesh,2003,21.036666666666665,1058.12,47.78
himachal pradesh,2004,21.628333333333334,951.16,45.42083333333333
himachal pradesh,2005,20.951666666666668,916.13,47.54083333333333
himachal pradesh,2006,21.7225,855.19,48.03
himachal pradesh,2007,21.3625,925.85,47.274166666666666
himachal pradesh,2008,20.441666666666666,1518.61,54.01666666666667
himachal pradesh,2009,21.633333333333336,861.74,45.115833333333335
himachal pradesh,2010,21.59,1382.68,49.995000000000005
himachal pradesh,2011,20.418333333333333,1302.8700000000001,55.4
himachal pradesh,2012,21.055,878.9000000000001,48.053333333333335
himachal pradesh,2013,20.794166666666666,1480.17,56.534166666666664
himachal pradesh,2014,21.110833333333336,940.1500000000001,51.151666666666664
himachal pradesh,2015,21.017500000000002,1152.97,54.13833333333333
himachal pradesh,2016,22.00583333333333,969.84,48.20666666666667
himachal pradesh,2017,21.231666666666666,1234.8,52.6825
jharkhand,1981,22.675833333333333,1480.52,64.42333333333333
jharkhand,1982,23.270833333333332,1180.33,61.75333333333333
jharkhand,1983,23.645,835.3100000000001,53.85583333333333
jharkhand,1984,23.093333333333334,1427.6,58.074999999999996
jharkhand,1985,23.492500000000003,1121.28,57.219166666666666
jharkhand,1986,23.498333333333335,953.62,57.30083333333334
jharkhand,1987,23.7825,1066.6599999999999,57.82083333333333
jharkhand,1988,23.70583333333333,1124.35,57.685
jharkhand,1989,23.4875,929.38,51.98833333333334
jharkhand,1990,23.290000000000003,1456.15,61.41166666666666
jharkhand,1991,23.808333333333334,1159.91,56.555
jharkhand,1992,23.565,877.1899999999999,53.98
jharkhand,1993,23.482499999999998,1211.48,55.81666666666666
jharkhand,1994,23.344166666666666,1743.66,59.39833333333333
jharkhand,1995,23.133333333333336,1326.36,61.32750000000001
jharkhand,1996,23.28333333333333,1225.83,58.94416666666667
jharkhand,1997,23.162499999999998,1505.77,59.721666666666664
jharkhand,1998,23.0175,1404.79,67.64999999999999
jharkhand,1999,23.2675,1311.69,60.0525
jharkhand,2000,23.266666666666666,1051.8000000000002,57.285833333333336
jharkhand,2001,23.371666666666666,1169.83,59.0275
jharkhand,2002,23.7625,1139.87,58.095
jharkhand,2003,23.403333333333332,1429.05,62.346666666666664
jharkhand,2004,23.124166666666667,1252.96,63.096666666666664
jharkhand,2005,23.915833333333335,939.31,57.45583333333334
jharkhand,2006,23.541666666666668,1468.67,61.155
jharkhand,2007,23.007499999999997,1361.9,64.71833333333333
jharkhand,2008,23.002499999999998,1388.44,64.3725
jharkhand,2009,23.854166666666668,1139.83,57.8225
jharkhand,2010,24.374166666666667,943.59,57.18
jharkhand,2011,23.15416666666667,1642.39,63.30166666666667
jharkhand,2012,23.111666666666665,1362.52,61.34166666666667
jharkhand,2013,22.7525,1431.55,65.71916666666667
jharkhand,2014,23.031666666666666,1124.5,63.07083333333333
jharkhand,2015,23.588333333333335,1393.6,62.01333333333333
jharkhand,2016,23.91916666666667,1330.21,60.975
jharkhand,2017,24.060833333333335,1487.76,60.51
karnataka,1981,24.900000000000002,814.87,63.038333333333334
karnataka,1982,25.243333333333336,709.39,62.81333333333333
karnataka,1983,25.516666666666666,516.53,58.6775
karnataka,1984,25.643333333333334,608.42,60.5625
karnataka,1985,25.685833333333335,446.88,57.4775
karnataka,1986,25.791666666666668,621.38,60.21333333333333
karnataka,1987,25.305833333333336,694.6700000000001,61.67083333333333
karnataka,1988,25.441666666666666,653.89,59.99666666666667
karnataka,1989,25.546666666666667,536.51,56.07666666666666
karnataka,1990,25.758333333333336,406.9,57.40416666666667
karnataka,1991,25.905,642.96,58.490833333333335
karnataka,1992,25.375,648.38,59.31583333333333
karnataka,1993,25.143333333333334,703.51,61.19083333333333
karnataka,1994,25.089166666666667,731.93,63.362500000000004
karnataka,1995,25.455,572.47,60.405833333333334
karnataka,1996,25.146666666666665,795.81,61.8025
karnataka,1997,25.765833333333333,551.49,60.26416666666666
karnataka,1998,25.85083333333333,631.98,62.461666666666666
karnataka,1999,25.305833333333336,502.21,59.77916666666667
karnataka,2000,25.334999999999997,647.75,59.8225
karnataka,2001,25.6375,480.16,58.50333333333333
karnataka,2002,26.234166666666667,423.84999999999997,56.97666666666667
karnataka,2003,26.436666666666667,405.94,57.21083333333333
karnataka,2004,25.439166666666665,565.75,59.41166666666667
karnataka,2005,25.105,891.52,64.03666666666668
karnataka,2006,25.26,736.52,62.87916666666666
karnataka,2007,25.175,883.64,63.732499999999995
karnataka,2008,24.938333333333333,743.18,63.69583333333333
karnataka,2009,25.599999999999998,817.7,62.97
karnataka,2010,25.66,857.87,66.06416666666667
karnataka,2011,25.4325,541.73,60.376666666666665
karnataka,2012,25.796666666666667,528.52,58.2425
karnataka,2013,25.4325,629.76,61.49416666666667
karnataka,2014,25.430833333333336,741.71,62.64333333333334
karnataka,2015,25.7625,598.05,60.35583333333333
karnataka,2016,26.066666666666666,541.5,56.9675
karnataka,2017,25.6825,634.62,59.365
kerala,1981,24.8475,2519.85,78.6475
kerala,1982,24.99,2001.82,76.59583333333333
kerala,1983,25.385,1582.19,75.12666666666667
kerala,1984,24.5175,1842.0400000000002,80.12916666666666
kerala,1985,24.74083333333333,1723.74,78.36416666666666
kerala,1986,25.16916666666667,1288.19,76.645
kerala,1987,25.401666666666667,1526.89,75.66250000000001
kerala,1988,25.153333333333332,1851.5900000000001,78.11
kerala,1989,25.117499999999996,1655.84,75.22666666666667
kerala,1990,25.23,1574.0700000000002,76.02166666666666
kerala,1991,25.548333333333332,1737.7399999999998,75.02
kerala,1992,24.830833333333334,2172.4,77.88
kerala,1993,24.786666666666665,1868.62,78.5475
kerala,1994,24.71083333333333,2278.86,80.0125
kerala,1995,24.99083333333333,1786.46,77.865
kerala,1996,24.915833333333335,1918.22,77.23416666666667
kerala,1997,25.314166666666665,2441.61,78.27333333333333
kerala,1998,25.355,2034.06,79.58166666666666
kerala,1999,24.741666666666664,1709.84,78.97833333333334
kerala,2000,24.92833333333333,1488.63,77.91083333333333
kerala,2001,25.00583333333333,1833.1499999999999,79.81833333333334
kerala,2002,25.328333333333333,1661.85,77.44
kerala,2003,25.46666666666667,1565.42,78.11333333333333
kerala,2004,25.00583333333333,2177.13,78.55583333333334
kerala,2005,25.215833333333332,1951.89,79.8325
kerala,2006,24.890833333333333,2503.21,79.75750000000001
kerala,2007,24.964166666666667,2762.0,79.11333333333333
kerala,2008,24.679166666666664,2087.07,79.8125
kerala,2009,25.210833333333337,2167.11,78.7375
kerala,2010,25.24,2348.81,80.68083333333333
kerala,2011,24.698333333333334,2049.46,79.92666666666666
kerala,2012,25.284166666666668,1462.52,77.29166666666667
kerala,2013,25.308333333333334,2113.13,77.95666666666666
kerala,2014,25.40833333333333,2230.65,78.36583333333333
kerala,2015,25.462500000000002,1431.28,78.5775
kerala,2016,25.9225,1221.3700000000001,75.94583333333334
kerala,2017,25.41333333333333,1802.92,78.615
madhya pradesh,1981,25.546666666666667,1309.47,53.57333333333333
madhya pradesh,1982,25.337500000000002,1710.02,60.071666666666665
madhya pradesh,1983,25.266666666666666,1242.8300000000002,51.41083333333333
madhya pradesh,1984,25.587500000000002,1123.3100000000002,48.93416666666667
madhya pradesh,1985,25.882500000000004,1314.53,50.57749999999999
madhya pradesh,1986,26.115,1361.05,49.12166666666667
madhya pradesh,1987,25.9725,1182.01,51.155833333333334
madhya pradesh,1988,26.726666666666663,1070.98,45.63166666666667
madhya pradesh,1989,26.16416666666667,922.18,43.04666666666666
madhya pradesh,1990,25.375,1630.34,57.01916666666667
madhya pradesh,1991,26.249166666666667,1089.94,45.79333333333333
madhya pradesh,1992,26.215,931.71,45.26833333333334
madhya pradesh,1993,25.780833333333334,1358.62,49.97416666666667
madhya pradesh,1994,25.55666666666667,1682.1399999999999,51.413333333333334
madhya pradesh,1995,25.805000000000003,1112.55,51.67416666666667
madhya pradesh,1996,25.86583333333333,1414.43,50.99
madhya pradesh,1997,25.121666666666666,1464.85,56.23916666666667
madhya pradesh,1998,25.6925,1132.75,57.08833333333334
madhya pradesh,1999,25.598333333333333,1242.91,51.80416666666667
madhya pradesh,2000,25.9275,987.05,43.267500000000005
madhya pradesh,2001,25.765,1127.27,49.33833333333333
madhya pradesh,2002,26.6075,1033.29,46.28916666666667
madhya pradesh,2003,25.8225,1462.66,55.20583333333334
madhya pradesh,2004,26.236666666666665,1014.27,50.4075
madhya pradesh,2005,25.853333333333335,1450.92,50.945
madhya pradesh,2006,26.233333333333334,1823.3799999999999,53.25583333333333
madhya pradesh,2007,26.099999999999998,1155.47,50.625
madhya pradesh,2008,25.741666666666664,1027.82,50.9575
madhya pradesh,2009,26.46666666666667,1277.8,52.03
madhya pradesh,2010,26.395833333333332,1152.84,55.00333333333333
madhya pradesh,2011,25.7,1531.19,53.431666666666665
madhya pradesh,2012,25.753333333333334,1330.1000000000001,50.33916666666667
madhya pradesh,2013,25.47583333333333,1797.99,57.55833333333334
madhya pradesh,2014,26.01,1082.32,54.317499999999995
madhya pradesh,2015,25.879166666666666,1304.07,54.99916666666667
madhya pradesh,2016,26.329166666666666,1525.5,50.88833333333333
madhya pradesh,2017,26.5525,900.67,48.604166666666664
maharashtra,1981,25.099166666666665,807.24,55.13333333333333
maharashtra,1982,25.885,599.65,54.5875
maharashtra,1983,25.36583333333333,699.13,51.22416666666667
maharashtra,1984,26.013333333333335,430.29,45.7475
maharashtra,1985,26.195833333333336,501.45,45.5725
maharashtra,1986,26.439166666666665,451.46999999999997,45.30666666666667
maharashtra,1987,25.866666666666664,712.16,51.8675
maharashtra,1988,25.8125,850.01,51.762499999999996
maharashtra,1989,25.359166666666667,821.58,50.01499999999999
maharashtra,1990,25.105833333333333,917.23,57.080000000000005
maharashtra,1991,25.971666666666668,736.2600000000001,46.6625
maharashtra,1992,25.92833333333333,632.96,46.251666666666665
maharashtra,1993,25.105833333333333,984.29,53.67416666666667
maharashtra,1994,25.040833333333335,734.43,54.94583333333333
maharashtra,1995,25.935833333333335,561.46,50.056666666666665
maharashtra,1996,25.724166666666665,675.38,50.854166666666664
maharashtra,1997,25.521666666666665,691.2199999999999,53.63333333333333
maharashtra,1998,25.411666666666665,1001.33,58.57333333333333
maharashtra,1999,25.310833333333335,655.87,52.7275
maharashtra,2000,25.56833333333333,763.1,46.9025
maharashtra,2001,25.6725,635.86,50.48166666666666
maharashtra,2002,26.255,613.91,47.5925
maharashtra,2003,26.198333333333334,613.34,51.05083333333334
maharashtra,2004,25.735,694.76,52.315
maharashtra,2005,25.108333333333334,1043.2,54.836666666666666
maharashtra,2006,25.260833333333334,1223.13,57.89416666666667
maharashtra,2007,25.49083333333333,828.92,54.85583333333333
maharashtra,2008,25.675,630.15,51.29333333333333
maharashtra,2009,26.138333333333332,790.53,52.52166666666667
maharashtra,2010,25.833333333333332,946.8,58.85666666666666
maharashtra,2011,25.43416666666667,740.49,53.7875
maharashtra,2012,25.826666666666668,614.17,49.76583333333334
maharashtra,2013,25.28,869.69,57.88583333333333
maharashtra,2014,25.685000000000002,685.66,54.595
maharashtra,2015,26.045833333333334,801.79,52.2575
maharashtra,2016,25.731666666666666,805.95,51.93833333333333
maharashtra,2017,25.715,851.6,51.85666666666666
odisha,1981,25.573333333333334,1529.33,68.92916666666666
odisha,1982,26.550833333333333,1361.94,65.735
odisha,1983,26.660833333333333,1136.77,63.0025
odisha,1984,26.221666666666668,1719.1200000000001,62.395
odisha,1985,26.405833333333334,1378.22,63.61083333333334
odisha,1986,26.034166666666664,1464.29,67.25833333333334
odisha,1987,26.810000000000002,884.94,61.14666666666667
odisha,1988,26.660833333333333,1257.4099999999999,63.365
odisha,1989,26.201666666666668,1147.57,60.71
odisha,1990,25.853333333333335,1699.51,69.69
odisha,1991,26.390833333333333,1355.22,66.855
odisha,1992,25.8475,1428.58,65.30666666666667
odisha,1993,26.132500000000004,1565.43,65.01666666666667
odisha,1994,26.105833333333333,1764.19,66.68416666666667
odisha,1995,25.46666666666667,1613.55,71.02166666666666
odisha,1996,26.045,1136.02,66.08916666666667
odisha,1997,26.147499999999997,1526.12,66.22583333333334
odisha,1998,26.250833333333333,1448.43,70.44416666666667
odisha,1999,25.853333333333335,1347.7299999999998,67.44166666666666
odisha,2000,26.1675,996.52,63.931666666666665
odisha,2001,26.069999999999997,1785.09,67.04333333333334
odisha,2002,26.325833333333335,1187.95,65.75500000000001
odisha,2003,26.33666666666667,1800.52,67.75750000000001
odisha,2004,25.6525,1290.67,67.9325
odisha,2005,26.30666666666667,1545.25,66.61416666666666
odisha,2006,25.748333333333335,1625.72,68.45833333333333
odisha,2007,25.906666666666666,1570.84,68.49916666666667
odisha,2008,25.590833333333332,1814.1399999999999,69.96333333333332
odisha,2009,26.660833333333333,1315.81,63.69583333333333
odisha,2010,26.712500000000002,1283.63,65.71916666666667
odisha,2011,25.804999999999996,1543.41,67.85833333333333
odisha,2012,26.175,1491.19,65.8
odisha,2013,25.939999999999998,1619.98,67.8225
odisha,2014,25.785833333333333,1486.45,68.56583333333333
odisha,2015,26.139166666666668,1278.53,67.26166666666667
odisha,2016,26.53333333333333,1261.1000000000001,65.92999999999999
odisha,2017,26.462500000000002,1430.68,66.44916666666667
punjab,1981,24.920833333333334,754.0,44.715
punjab,1982,24.145,821.6,46.94916666666666
punjab,1983,25.021666666666665,350.88,36.0375
punjab,1984,24.7975,629.12,38.413333333333334
punjab,1985,25.245833333333334,586.24,39.42583333333334
punjab,1986,24.873333333333335,462.95,37.958333333333336
punjab,1987,26.314166666666665,333.29,30.676666666666666
punjab,1988,25.77916666666667,651.71,39.766666666666666
punjab,1989,25.3125,407.48,34.355
punjab,1990,25.28,657.13,43.26333333333333
punjab,1991,25.801666666666666,402.28999999999996,32.77333333333333
punjab,1992,24.793333333333333,548.2099999999999,41.8075
punjab,1993,25.545833333333334,592.9399999999999,34.73833333333334
punjab,1994,25.304999999999996,612.53,39.440000000000005
punjab,1995,24.718333333333334,715.08,42.5875
punjab,1996,24.733333333333334,782.14,41.2875
punjab,1997,24.6675,585.69,41.42916666666667
punjab,1998,26.0025,355.4,36.012499999999996
punjab,1999,26.816666666666666,331.93,30.5775
punjab,2000,26.12833333333333,418.32,33.215833333333336
punjab,2001,25.929166666666664,477.21,34.65
punjab,2002,26.7925,376.6,33.165
punjab,2003,25.389166666666668,553.29,41.354166666666664
punjab,2004,26.293333333333333,480.37,37.57833333333333
punjab,2005,25.13166666666667,578.7099999999999,41.64083333333333
punjab,2006,25.69083333333333,648.7699999999999,44.57083333333333
punjab,2007,25.760833333333334,508.28,41.81583333333333
punjab,2008,24.594166666666666,930.29,47.83916666666667
punjab,2009,25.99083333333333,448.98,38.235
punjab,2010,25.878333333333334,638.85,42.02333333333333
punjab,2011,24.959999999999997,684.79,46.732499999999995
punjab,2012,25.084166666666665,462.52,40.00083333333333
punjab,2013,24.828333333333333,781.6800000000001,47.219166666666666
punjab,2014,24.748333333333335,663.65,44.4475
punjab,2015,24.683333333333334,824.87,47.68333333333334
punjab,2016,26.029166666666665,630.86,39.55916666666666
punjab,2017,25.226666666666663,787.4000000000001,44.32083333333333
tamil nadu,1981,26.953333333333333,1089.78,69.99249999999999
tamil nadu,1982,27.544166666666666,494.45,64.79916666666666
tamil nadu,1983,27.9725,842.72,64.84
tamil nadu,1984,26.72083333333333,858.76,70.7675
tamil nadu,1985,27.504166666666666,671.63,65.53416666666666
tamil nadu,1986,27.798333333333332,632.03,65.19083333333333
tamil nadu,1987,28.115,626.4200000000001,64.00333333333333
tamil nadu,1988,27.65833333333333,670.46,67.40166666666667
tamil nadu,1989,27.75916666666667,534.05,63.39333333333334
tamil nadu,1990,28.169166666666666,563.75,63.692499999999995
tamil nadu,1991,27.780833333333334,783.81,66.6825
tamil nadu,1992,27.383333333333336,745.4399999999999,66.13083333333333
tamil nadu,1993,27.40416666666667,957.0799999999999,67.815
tamil nadu,1994,27.035,770.9200000000001,69.90583333333333
tamil nadu,1995,27.50583333333333,671.9300000000001,67.72500000000001
tamil nadu,1996,27.190833333333334,911.21,68.39166666666667
tamil nadu,1997,27.639166666666668,876.01,68.36333333333333
tamil nadu,1998,27.891666666666666,823.8299999999999,68.84333333333333
tamil nadu,1999,27.27916666666667,705.31,67.63
tamil nadu,2000,27.495,868.85,67.6725
tamil nadu,2001,27.59583333333333,718.86,68.15583333333333
tamil nadu,2002,28.061666666666667,580.9200000000001,65.90166666666666
tamil nadu,2003,27.843333333333334,780.12,67.80416666666666
tamil nadu,2004,27.001666666666665,1032.19,70.9875
tamil nadu,2005,27.4875,1173.96,70.6075
tamil nadu,2006,27.150833333333335,767.49,70.58166666666666
tamil nadu,2007,27.480833333333333,816.86,68.04333333333334
tamil nadu,2008,26.83583333333333,1090.13,71.88416666666667
tamil nadu,2009,27.854166666666668,668.8100000000001,66.34583333333333
tamil nadu,2010,27.560833333333335,1047.74,70.70333333333333
tamil nadu,2011,27.115,875.59,70.24916666666667
tamil nadu,2012,27.622500000000002,721.8599999999999,67.99916666666667
tamil nadu,2013,28.06833333333333,647.92,65.61583333333333
tamil nadu,2014,27.860833333333332,698.72,66.58083333333333
tamil nadu,2015,27.459166666666665,1124.8500000000001,70.70166666666667
tamil nadu,2016,28.28,476.81,64.85000000000001
tamil nadu,2017,27.85166666666667,830.8299999999999,68.0325
telangana,1981,25.373333333333335,1302.2,63.034166666666664
telangana,1982,25.96166666666667,950.22,63.27333333333333
telangana,1983,26.235833333333332,855.09,57.57416666666666
telangana,1984,26.439999999999998,738.1800000000001,55.821666666666665
telangana,1985,26.278333333333332,761.85,56.52666666666667
telangana,1986,26.598333333333333,706.17,57.307500000000005
telangana,1987,26.253333333333334,873.94,58.33416666666667
telangana,1988,26.252499999999998,980.66,59.64333333333334
telangana,1989,25.964166666666667,989.0300000000001,55.52166666666667
telangana,1990,25.650000000000002,1021.2600000000001,62.37416666666667
telangana,1991,26.48,791.9,58.23666666666667
telangana,1992,26.26833333333333,798.02,55.3675
telangana,1993,26.117500000000003,777.2800000000001,55.73166666666666
telangana,1994,25.962500000000002,883.04,60.17083333333333
telangana,1995,25.39,1173.71,64.75166666666667
telangana,1996,25.896666666666665,987.89,60.27333333333333
telangana,1997,26.14916666666667,807.43,59.4675
telangana,1998,26.603333333333335,993.19,61.05833333333334
telangana,1999,25.9675,579.4100000000001,55.895833333333336
telangana,2000,26.103333333333335,906.61,55.37083333333334
telangana,2001,26.258333333333336,788.37,57.20666666666667
telangana,2002,26.865,733.02,54.41166666666666
telangana,2003,26.550833333333333,814.41,58.4625
telangana,2004,25.875833333333333,696.72,59.475
telangana,2005,25.739166666666666,1192.69,61.97833333333333
telangana,2006,25.535,1060.6399999999999,64.0425
telangana,2007,25.995833333333334,814.7399999999999,59.91916666666666
telangana,2008,25.666666666666668,1135.59,60.83583333333333
telangana,2009,26.799166666666668,782.9,56.48916666666667
telangana,2010,26.480833333333333,1098.18,62.446666666666665
telangana,2011,26.028333333333332,658.03,58.09583333333333
telangana,2012,26.578333333333333,714.78,55.04
telangana,2013,25.646666666666665,1081.87,64.05749999999999
telangana,2014,26.285833333333333,640.4399999999999,57.32416666666666
telangana,2015,27.094166666666666,473.36,53.12833333333333
telangana,2016,26.383333333333336,812.09,57.219166666666666
telangana,2017,26.368333333333336,755.48,55.46666666666667
uttar pradesh,1981,25.18166666666667,1310.79,54.979166666666664
uttar pradesh,1982,24.909166666666668,1333.9,56.469166666666666
uttar pradesh,1983,25.594166666666666,850.84,47.98666666666667
uttar pradesh,1984,26.085833333333337,701.99,43.847500000000004
uttar pradesh,1985,25.859166666666667,1116.52,49.69583333333333
uttar pradesh,1986,25.761666666666667,684.46,46.24583333333334
uttar pradesh,1987,27.190833333333334,590.47,39.90083333333333
uttar pradesh,1988,26.549166666666665,1106.18,46.72333333333333
uttar pradesh,1989,26.013333333333335,766.48,43.26833333333334
uttar pradesh,1990,26.094166666666666,1016.0899999999999,49.0325
uttar pradesh,1991,26.377499999999998,906.64,44.5575
uttar pradesh,1992,26.4375,692.18,43.39833333333333
uttar pradesh,1993,26.637500000000003,671.3199999999999,39.35166666666667
uttar pradesh,1994,26.673333333333332,772.71,42.108333333333334
uttar pradesh,1995,26.867500000000003,642.48,42.36083333333334
uttar pradesh,1996,25.912499999999998,890.26,48.48083333333333
uttar pradesh,1997,25.993333333333336,711.0799999999999,44.97833333333333
uttar pradesh,1998,25.80666666666667,962.4,51.56666666666666
uttar pradesh,1999,26.82166666666667,649.87,42.093333333333334
uttar pradesh,2000,25.91416666666667,975.49,45.48333333333333
uttar pradesh,2001,26.2075,797.71,45.24416666666667
uttar pradesh,2002,26.90833333333333,658.24,43.42666666666667
uttar pradesh,2003,25.834999999999997,802.89,50.45416666666667
uttar pradesh,2004,25.90833333333333,866.4499999999999,50.85333333333333
uttar pradesh,2005,25.895,949.8,50.9625
uttar pradesh,2006,26.286666666666665,945.31,50.5275
uttar pradesh,2007,25.624166666666667,1067.56,53.69583333333333
uttar pradesh,2008,25.0125,1606.01,58.8525
uttar pradesh,2009,25.791666666666668,981.5799999999999,54.08583333333333
uttar pradesh,2010,26.17,930.2099999999999,54.5375
uttar pradesh,2011,25.265833333333333,1188.72,57.05416666666667
uttar pradesh,2012,25.269166666666667,1107.75,53.33583333333333
uttar pradesh,2013,24.974166666666665,1238.53,59.19
uttar pradesh,2014,25.9425,881.0999999999999,49.33416666666667
uttar pradesh,2015,26.526666666666667,738.21,46.585
uttar pradesh,2016,26.3925,1050.71,49.0025
uttar pradesh,2017,26.21083333333333,1128.32,51.45166666666666
uttarakhand,1981,18.675,1159.77,52.495000000000005
uttarakhand,1982,17.811666666666667,1335.36,56.11833333333333
uttarakhand,1983,18.092499999999998,963.8800000000001,50.48666666666667
uttarakhand,1984,18.953333333333333,887.63,46.46333333333333
uttarakhand,1985,18.9575,1174.6399999999999,49.553333333333335
uttarakhand,1986,18.615,751.47,47.19166666666666
uttarakhand,1987,20.136666666666667,480.5,36.660000000000004
uttarakhand,1988,19.405833333333334,1159.0900000000001,49.24
uttarakhand,1989,18.958333333333332,741.54,43.76083333333333
uttarakhand,1990,18.884166666666665,1216.35,54.031666666666666
uttarakhand,1991,18.954166666666666,1080.6,47.09583333333333
uttarakhand,1992,18.793333333333333,733.64,47.32416666666666
uttarakhand,1993,18.76,1341.63,50.0075
uttarakhand,1994,19.031666666666666,1209.21,50.68416666666667
uttarakhand,1995,18.915,1094.13,50.69416666666667
uttarakhand,1996,18.6475,1411.29,53.76333333333333
uttarakhand,1997,17.61583333333333,1278.7,57.04916666666667
uttarakhand,1998,18.6475,1521.8899999999999,57.58416666666667
uttarakhand,1999,19.64,735.66,45.403333333333336
uttarakhand,2000,19.104166666666668,839.72,46.767500000000005
uttarakhand,2001,18.839166666666667,1353.0,50.54666666666666
uttarakhand,2002,19.496666666666666,958.54,47.61833333333333
uttarakhand,2003,18.82166666666667,1272.79,53.005833333333335
uttarakhand,2004,18.93166666666667,1248.7,53.770833333333336
uttarakhand,2005,18.6525,1268.99,54.54
uttarakhand,2006,19.331666666666667,1165.32,54.44916666666666
uttarakhand,2007,18.9475,1573.48,55.54833333333334
uttarakhand,2008,18.481666666666666,1595.52,58.39333333333334
uttarakhand,2009,19.49833333333333,1098.27,50.413333333333334
uttarakhand,2010,19.603333333333335,1975.42,54.31833333333333
uttarakhand,2011,18.2075,1746.54,61.265833333333326
uttarakhand,2012,18.809166666666666,1381.27,55.11166666666667
uttarakhand,2013,18.625,2094.0,63.870000000000005
uttarakhand,2014,18.926666666666666,1213.86,57.27916666666667
uttarakhand,2015,19.033333333333335,1237.74,58.2875
uttarakhand,2016,19.9575,956.81,51.26583333333334
uttarakhand,2017,19.485833333333336,1128.23,55.5975
west bengal,1981,25.198333333333334,1707.32,73.14333333333333
west bengal,1982,25.836666666666662,1314.3,67.705
west bengal,1983,26.8475,799.1,59.32833333333334
west bengal,1984,25.95583333333333,1271.78,63.553333333333335
west bengal,1985,26.641666666666666,946.72,62.15
west bengal,1986,26.235,1403.63,65.2
west bengal,1987,26.13,1164.8700000000001,66.56833333333334
west bengal,1988,26.512500000000003,1176.65,64.345
west bengal,1989,26.191666666666666,984.33,60.9
west bengal,1990,25.814166666666665,1442.08,69.70833333333333
west bengal,1991,26.450833333333335,1001.6300000000001,65.68916666666667
west bengal,1992,26.390833333333333,994.24,62.06833333333333
west bengal,1993,26.0425,1261.95,66.08583333333333
west bengal,1994,26.105,1059.61,64.3325
west bengal,1995,25.9975,1261.34,66.53916666666667
west bengal,1996,26.13083333333333,1006.17,64.9275
west bengal,1997,25.794166666666666,1436.26,68.72666666666667
west bengal,1998,25.746666666666666,1378.94,72.85083333333334
west bengal,1999,25.805833333333336,1538.28,70.27666666666667
west bengal,2000,25.310833333333335,1377.62,72.47583333333334
west bengal,2001,25.587500000000002,1463.46,70.895
west bengal,2002,25.761666666666667,1262.14,71.72333333333333
west bengal,2003,25.849166666666665,1267.83,71.1575
west bengal,2004,25.703333333333333,1283.6399999999999,71.75333333333333
west bengal,2005,25.962500000000002,1247.41,72.235
west bengal,2006,25.8425,1340.5700000000002,71.77916666666667
west bengal,2007,25.365,1901.8,72.69916666666667
west bengal,2008,25.191666666666666,1450.61,75.28833333333334
west bengal,2009,25.86916666666667,1510.92,70.38083333333334
west bengal,2010,26.124166666666667,1308.93,71.24666666666667
west bengal,2011,25.545,1679.62,72.09916666666666
west bengal,2012,25.50583333333333,1176.84,70.05
west bengal,2013,25.44333333333333,1709.71,71.57166666666667
west bengal,2014,25.573333333333334,1213.7,70.44333333333333
west bengal,2015,26.045833333333334,1551.29,70.52833333333334
west bengal,2016,26.444999999999997,1558.73,71.16583333333334
west bengal,2017,26.005,1934.4999999999998,73.04
